<?xml version="1.0" encoding="UTF-8"?>
<sip xmlns="urn:x-emc:ia:schema:sip:1.0">
  <dss>
    <holding>CAK_Klantarchief</holding>
    <id>88aee0b9-45ba-46e5-9814-9c895c9c9b82</id>
    <pdi_schema>urn:hetcak:dms:uitingarchief:2016:08</pdi_schema>
    <production_date>2016-11-22T15:23:44.481+01:00</production_date>
    <base_retention_date>2016-11-22T15:23:44.481+01:00</base_retention_date>
    <producer>SIP Packager UNITTEST</producer>
    <entity>ArchiefDocument</entity>
    <priority>0</priority>
    <application>CAK_Klantarchief</application>
    <retention_class>R1</retention_class>
  </dss>
  <production_date>2016-11-22T15:23:44.548+01:00</production_date>
  <seqno>1</seqno>
  <is_last>true</is_last>
  <aiu_count>1</aiu_count>
  <page_count>0</page_count>
</sip>

